<?xml version="1.0" encoding="UTF-8" ?>
<config>
    <luceneMatchVersion>8.11.1</luceneMatchVersion>

    <dataDir>${solr.data.dir:}</dataDir>

    <directoryFactory name="DirectoryFactory" 
                      class="${solr.directoryFactory:solr.NRTCachingDirectoryFactory}"/>

    <codecFactory class="solr.SchemaCodecFactory"/>

    <schemaFactory class="ClassicIndexSchemaFactory"/>

    <indexConfig>
        <lockType>${solr.lock.type:native}</lockType>
        <infoStream>true</infoStream>
    </indexConfig>

    <updateHandler class="solr.DirectUpdateHandler2">
        <updateLog>
            <str name="dir">${solr.ulog.dir:}</str>
            <int name="numVersionBuckets">${solr.ulog.numVersionBuckets:65536}</int>
        </updateLog>
        <autoCommit>
            <maxTime>${solr.autoCommit.maxTime:15000}</maxTime>
            <openSearcher>false</openSearcher>
        </autoCommit>
        <autoSoftCommit>
            <maxTime>${solr.autoSoftCommit.maxTime:1000}</maxTime>
        </autoSoftCommit>
    </updateHandler>

    <query>
        <maxBooleanClauses>${solr.max.booleanClauses:1024}</maxBooleanClauses>
        <filterCache class="solr.FastLRUCache"
                     size="512"
                     initialSize="512"
                     autowarmCount="0"/>
        <queryResultCache class="solr.LRUCache"
                          size="512"
                          initialSize="512"
                          autowarmCount="0"/>
        <documentCache class="solr.LRUCache"
                       size="512"
                       initialSize="512"
                       autowarmCount="0"/>
        <cache name="perSegFilter"
               class="solr.search.LRUCache"
               size="10"
               initialSize="0"
               autowarmCount="10"
               regenerator="solr.NoOpRegenerator"/>
        <enableLazyFieldLoading>true</enableLazyFieldLoading>
        <queryResultWindowSize>20</queryResultWindowSize>
        <queryResultMaxDocsCached>200</queryResultMaxDocsCached>
        <useColdSearcher>false</useColdSearcher>
    </query>

    <requestDispatcher>
        <httpCaching never304="true"/>
    </requestDispatcher>

    <!-- Request Handlers -->
    
    <!-- Default search handler -->
    <requestHandler name="/select" class="solr.SearchHandler">
        <lst name="defaults">
            <str name="echoParams">explicit</str>
            <int name="rows">10</int>
            <str name="df">text</str>
            <str name="defType">edismax</str>
            <str name="qf">name^3 description^2 categoryName^2 supplierName tags sku</str>
            <str name="pf">name^5 description^3</str>
            <bool name="facet">true</bool>
            <str name="facet.field">categoryName_facet</str>
            <str name="facet.field">supplierName_facet</str>
            <str name="facet.field">origin</str>
            <str name="facet.field">isFeatured</str>
            <str name="facet.mincount">1</str>
        </lst>
    </requestHandler>

    <!-- Autocomplete handler -->
    <requestHandler name="/autocomplete" class="solr.SearchHandler">
        <lst name="defaults">
            <str name="echoParams">explicit</str>
            <int name="rows">10</int>
            <str name="df">name_autocomplete</str>
            <str name="defType">edismax</str>
            <str name="qf">name_autocomplete^3 categoryName^2 tags</str>
            <str name="fl">id,productId,name,categoryName,score</str>
        </lst>
    </requestHandler>

    <!-- Suggest handler for type-ahead -->
    <requestHandler name="/suggest" class="solr.SearchHandler" startup="lazy">
        <lst name="defaults">
            <str name="suggest">true</str>
            <str name="suggest.count">10</str>
            <str name="suggest.dictionary">mySuggester</str>
        </lst>
        <arr name="components">
            <str>suggest</str>
        </arr>
    </requestHandler>

    <!-- More Like This handler -->
    <requestHandler name="/mlt" class="solr.MoreLikeThisHandler">
        <lst name="defaults">
            <str name="mlt.fl">name,description,categoryName,tags</str>
            <int name="mlt.mindf">1</int>
            <int name="mlt.mintf">1</int>
            <bool name="mlt.boost">true</bool>
            <int name="rows">5</int>
        </lst>
    </requestHandler>

    <!-- Spell check handler -->
    <requestHandler name="/spell" class="solr.SearchHandler" startup="lazy">
        <lst name="defaults">
            <str name="spellcheck">true</str>
            <str name="spellcheck.dictionary">default</str>
            <str name="spellcheck.onlyMorePopular">true</str>
            <str name="spellcheck.extendedResults">true</str>
            <str name="spellcheck.collate">true</str>
            <str name="spellcheck.collateExtendedResults">true</str>
            <str name="spellcheck.maxCollationTries">10</str>
            <str name="spellcheck.maxCollations">5</str>
        </lst>
        <arr name="last-components">
            <str>spellcheck</str>
        </arr>
    </requestHandler>

    <!-- Update handler -->
    <requestHandler name="/update" class="solr.UpdateRequestHandler"/>

    <!-- Admin handlers -->
    <requestHandler name="/admin/ping" class="solr.PingRequestHandler">
        <lst name="invariants">
            <str name="q">solrpingquery</str>
        </lst>
        <lst name="defaults">
            <str name="echoParams">all</str>
        </lst>
    </requestHandler>

    <!-- Search Components -->

    <!-- Spellcheck component -->
    <searchComponent name="spellcheck" class="solr.SpellCheckComponent">
        <str name="queryAnalyzerFieldType">text_general</str>
        <lst name="spellchecker">
            <str name="name">default</str>
            <str name="field">text</str>
            <str name="classname">solr.DirectSolrSpellChecker</str>
            <str name="distanceMeasure">internal</str>
            <float name="accuracy">0.5</float>
            <int name="maxEdits">2</int>
            <int name="minPrefix">1</int>
            <int name="maxInspections">5</int>
            <int name="minQueryLength">3</int>
            <float name="maxQueryFrequency">0.01</float>
        </lst>
    </searchComponent>

    <!-- Suggester component -->
    <searchComponent name="suggest" class="solr.SuggestComponent">
        <lst name="suggester">
            <str name="name">mySuggester</str>
            <str name="lookupImpl">FuzzyLookupFactory</str>
            <str name="dictionaryImpl">DocumentDictionaryFactory</str>
            <str name="field">name</str>
            <str name="weightField">reviewCount</str>
            <str name="suggestAnalyzerFieldType">text_autocomplete</str>
            <str name="buildOnStartup">true</str>
        </lst>
    </searchComponent>

    <!-- Highlighting component -->
    <searchComponent class="solr.HighlightComponent" name="highlight">
        <highlighting>
            <fragmenter name="gap" default="true" class="solr.highlight.GapFragmenter">
                <lst name="defaults">
                    <int name="hl.fragsize">100</int>
                </lst>
            </fragmenter>
            <fragmenter name="regex" class="solr.highlight.RegexFragmenter">
                <lst name="defaults">
                    <int name="hl.fragsize">70</int>
                    <float name="hl.regex.slop">0.5</float>
                    <str name="hl.regex.pattern">[-\w ,/\n\&quot;&apos;]{20,200}</str>
                </lst>
            </fragmenter>
            <formatter name="html" default="true" class="solr.highlight.HtmlFormatter">
                <lst name="defaults">
                    <str name="hl.simple.pre"><![CDATA[<em class="highlight">]]></str>
                    <str name="hl.simple.post"><![CDATA[</em>]]></str>
                </lst>
            </formatter>
            <encoder name="html" class="solr.highlight.HtmlEncoder"/>
            <fragListBuilder name="simple" class="solr.highlight.SimpleFragListBuilder"/>
            <fragListBuilder name="single" class="solr.highlight.SingleFragListBuilder"/>
            <fragListBuilder name="weighted" default="true" class="solr.highlight.WeightedFragListBuilder"/>
            <fragmentsBuilder name="default" default="true" class="solr.highlight.ScoreOrderFragmentsBuilder"/>
            <fragmentsBuilder name="colored" class="solr.highlight.ScoreOrderFragmentsBuilder">
                <lst name="defaults">
                    <str name="hl.tag.pre"><![CDATA[<b style="background:yellow">,<b style="background:lawgreen">,<b style="background:aquamarine">,<b style="background:magenta">,<b style="background:palegreen">,<b style="background:coral">,<b style="background:wheat">,<b style="background:khaki">,<b style="background:lime">,<b style="background:deepskyblue">]]></str>
                    <str name="hl.tag.post"><![CDATA[</b>]]></str>
                </lst>
            </fragmentsBuilder>
            <boundaryScanner name="default" default="true" class="solr.highlight.SimpleBoundaryScanner">
                <lst name="defaults">
                    <str name="hl.bs.maxScan">10</str>
                    <str name="hl.bs.chars">.,!? &#9;&#10;&#13;</str>
                </lst>
            </boundaryScanner>
            <boundaryScanner name="breakIterator" class="solr.highlight.BreakIteratorBoundaryScanner">
                <lst name="defaults">
                    <str name="hl.bs.type">WORD</str>
                    <str name="hl.bs.language">en</str>
                    <str name="hl.bs.country">US</str>
                </lst>
            </boundaryScanner>
        </highlighting>
    </searchComponent>

</config>
